time_utc	instance_type	region	score
2026-10-03T07:17Z	g6e.xlarge	us-east-1	1
2026-10-03T07:17Z	g6e.xlarge	us-east-2	1
2026-10-03T07:17Z	g6e.xlarge	us-west-2	1
2026-10-03T07:17Z	g6e.2xlarge	us-east-1	1
2026-10-03T07:17Z	g6e.2xlarge	us-east-2	1
2026-10-03T07:17Z	g6e.2xlarge	us-west-2	1
2026-10-03T07:18Z	g6e.xlarge	eu-central-1	9
2026-10-03T07:18Z	g6e.xlarge	ap-northeast-1	9
2026-10-03T07:18Z	g6e.xlarge	us-west-2	1
2026-10-03T07:18Z	g6e.xlarge	us-east-2	1
2026-10-03T07:18Z	g6e.xlarge	us-east-1	1
2026-10-03T07:18Z	g6e.xlarge	eu-north-1	1
2026-10-03T07:18Z	g6e.xlarge	ap-south-1	1
2026-10-03T07:18Z	g6e.xlarge	ap-northeast-3	1
2026-10-03T07:18Z	g6e.xlarge	ap-northeast-2	1
2026-10-03T07:18Z	g6e.2xlarge	eu-north-1	9
2026-10-03T07:18Z	g6e.2xlarge	ap-northeast-1	9
2026-10-03T07:18Z	g6e.2xlarge	us-west-2	1
2026-10-03T07:18Z	g6e.2xlarge	us-east-2	1
2026-10-03T07:18Z	g6e.2xlarge	us-east-1	1
2026-10-03T07:18Z	g6e.2xlarge	eu-central-1	1
2026-10-03T07:18Z	g6e.2xlarge	ap-south-1	1
2026-10-03T07:18Z	g6e.2xlarge	ap-northeast-3	1
2026-10-03T07:18Z	g6e.2xlarge	ap-northeast-2	1
