start_time_utc	status	availability_zone	message
2026-10-02T18:52:18.093000+00:00	Successful	us-east-1b	None
2026-10-02T18:54:13.799000+00:00	Successful	us-east-1b	None
2026-10-02T18:57:20.741000+00:00	Successful	us-east-1b	None
2026-10-02T19:14:01.329000+00:00	Successful	us-east-1b	None
2026-10-02T22:13:37.384000+00:00	Failed	us-east-1c	We currently do not have sufficient g6e.xlarge capacity in the Availability Zone you requested (us-east-1c). Our system will be working on provisioning additional capacity. You can currently get g6e.xlarge capacity by not specifying an Availability Zone in your request or choosing us-east-1a, us-east-1b, us-east-1d. Launching EC2 instance failed.
2026-10-02T22:13:47.834000+00:00	Failed	us-east-1d	We currently do not have sufficient g6e.xlarge capacity in the Availability Zone you requested (us-east-1d). Our system will be working on provisioning additional capacity. You can currently get g6e.xlarge capacity by not specifying an Availability Zone in your request or choosing us-east-1a, us-east-1b, us-east-1c. Launching EC2 instance failed.
2026-10-02T22:13:57.305000+00:00	Failed	us-east-1a	We currently do not have sufficient g6e.xlarge capacity in the Availability Zone you requested (us-east-1a). Our system will be working on provisioning additional capacity. You can currently get g6e.xlarge capacity by not specifying an Availability Zone in your request or choosing us-east-1b, us-east-1c, us-east-1d. Launching EC2 instance failed.
2026-10-02T22:14:06.785000+00:00	Failed	us-east-1b	We currently do not have sufficient g6e.xlarge capacity in the Availability Zone you requested (us-east-1b). Our system will be working on provisioning additional capacity. You can currently get g6e.xlarge capacity by not specifying an Availability Zone in your request or choosing us-east-1a, us-east-1c, us-east-1d. Launching EC2 instance failed.
2026-10-02T22:14:16.307000+00:00	Failed	us-east-1b	We currently do not have sufficient g6e.xlarge capacity in the Availability Zone you requested (us-east-1b). Our system will be working on provisioning additional capacity. You can currently get g6e.xlarge capacity by not specifying an Availability Zone in your request or choosing us-east-1a, us-east-1c, us-east-1d. Launching EC2 instance failed.
2026-10-02T22:15:22.216000+00:00	Failed	us-east-1d	We currently do not have sufficient g6e.xlarge capacity in the Availability Zone you requested (us-east-1d). Our system will be working on provisioning additional capacity. You can currently get g6e.xlarge capacity by not specifying an Availability Zone in your request or choosing us-east-1a, us-east-1b, us-east-1c. Launching EC2 instance failed.
2026-10-02T22:16:28.905000+00:00	Failed	us-east-1a	We currently do not have sufficient g6e.xlarge capacity in the Availability Zone you requested (us-east-1a). Our system will be working on provisioning additional capacity. You can currently get g6e.xlarge capacity by not specifying an Availability Zone in your request or choosing us-east-1b, us-east-1c, us-east-1d. Launching EC2 instance failed.
2026-10-02T22:17:34.697000+00:00	Failed	us-east-1c	We currently do not have sufficient g6e.xlarge capacity in the Availability Zone you requested (us-east-1c). Our system will be working on provisioning additional capacity. You can currently get g6e.xlarge capacity by not specifying an Availability Zone in your request or choosing us-east-1a, us-east-1b, us-east-1d. Launching EC2 instance failed.
2026-10-02T22:18:41.362000+00:00	Failed	us-east-1a	We currently do not have sufficient g6e.xlarge capacity in the Availability Zone you requested (us-east-1a). Our system will be working on provisioning additional capacity. You can currently get g6e.xlarge capacity by not specifying an Availability Zone in your request or choosing us-east-1b, us-east-1c, us-east-1d. Launching EC2 instance failed.
2026-10-02T22:20:43.858000+00:00	Failed	us-east-1b	We currently do not have sufficient g6e.xlarge capacity in the Availability Zone you requested (us-east-1b). Our system will be working on provisioning additional capacity. You can currently get g6e.xlarge capacity by not specifying an Availability Zone in your request or choosing us-east-1a, us-east-1c, us-east-1d. Launching EC2 instance failed.
2026-10-02T22:22:46.002000+00:00	Failed	us-east-1c	We currently do not have sufficient g6e.xlarge capacity in the Availability Zone you requested (us-east-1c). Our system will be working on provisioning additional capacity. You can currently get g6e.xlarge capacity by not specifying an Availability Zone in your request or choosing us-east-1a, us-east-1b, us-east-1d. Launching EC2 instance failed.
2026-10-03T05:59:23.387000+00:00	Failed	us-east-1d	We currently do not have sufficient g6e.xlarge capacity in the Availability Zone you requested (us-east-1d). Our system will be working on provisioning additional capacity. You can currently get g6e.xlarge capacity by not specifying an Availability Zone in your request or choosing us-east-1a, us-east-1b, us-east-1c. Launching EC2 instance failed.
2026-10-03T05:59:33.318000+00:00	Failed	us-east-1c	We currently do not have sufficient g6e.xlarge capacity in the Availability Zone you requested (us-east-1c). Our system will be working on provisioning additional capacity. You can currently get g6e.xlarge capacity by not specifying an Availability Zone in your request or choosing us-east-1a, us-east-1b, us-east-1d. Launching EC2 instance failed.
2026-10-03T05:59:42.451000+00:00	Failed	us-east-1a	We currently do not have sufficient g6e.xlarge capacity in the Availability Zone you requested (us-east-1a). Our system will be working on provisioning additional capacity. You can currently get g6e.xlarge capacity by not specifying an Availability Zone in your request or choosing us-east-1b, us-east-1c, us-east-1d. Launching EC2 instance failed.
2026-10-03T05:59:52.264000+00:00	Failed	us-east-1b	We currently do not have sufficient g6e.xlarge capacity in the Availability Zone you requested (us-east-1b). Our system will be working on provisioning additional capacity. You can currently get g6e.xlarge capacity by not specifying an Availability Zone in your request or choosing us-east-1a, us-east-1c, us-east-1d. Launching EC2 instance failed.
2026-10-03T06:00:01.856000+00:00	Failed	us-east-1d	We currently do not have sufficient g6e.xlarge capacity in the Availability Zone you requested (us-east-1d). Our system will be working on provisioning additional capacity. You can currently get g6e.xlarge capacity by not specifying an Availability Zone in your request or choosing us-east-1a, us-east-1b, us-east-1c. Launching EC2 instance failed.
2026-10-03T06:00:11.902000+00:00	Failed	us-east-1a	We currently do not have sufficient g6e.xlarge capacity in the Availability Zone you requested (us-east-1a). Our system will be working on provisioning additional capacity. You can currently get g6e.xlarge capacity by not specifying an Availability Zone in your request or choosing us-east-1b, us-east-1c, us-east-1d. Launching EC2 instance failed.
2026-10-03T06:01:17.782000+00:00	Failed	us-east-1b	We currently do not have sufficient g6e.xlarge capacity in the Availability Zone you requested (us-east-1b). Our system will be working on provisioning additional capacity. You can currently get g6e.xlarge capacity by not specifying an Availability Zone in your request or choosing us-east-1a, us-east-1c, us-east-1d. Launching EC2 instance failed.
2026-10-03T06:02:24.040000+00:00	Failed	us-east-1d	We currently do not have sufficient g6e.xlarge capacity in the Availability Zone you requested (us-east-1d). Our system will be working on provisioning additional capacity. You can currently get g6e.xlarge capacity by not specifying an Availability Zone in your request or choosing us-east-1a, us-east-1b, us-east-1c. Launching EC2 instance failed.
2026-10-03T06:03:29.972000+00:00	Failed	us-east-1c	We currently do not have sufficient g6e.xlarge capacity in the Availability Zone you requested (us-east-1c). Our system will be working on provisioning additional capacity. You can currently get g6e.xlarge capacity by not specifying an Availability Zone in your request or choosing us-east-1a, us-east-1b, us-east-1d. Launching EC2 instance failed.
2026-10-03T06:04:36.353000+00:00	Failed	us-east-1a	We currently do not have sufficient g6e.xlarge capacity in the Availability Zone you requested (us-east-1a). Our system will be working on provisioning additional capacity. You can currently get g6e.xlarge capacity by not specifying an Availability Zone in your request or choosing us-east-1b, us-east-1c, us-east-1d. Launching EC2 instance failed.
2026-10-03T06:06:38.695000+00:00	Failed	us-east-1b	We currently do not have sufficient g6e.xlarge capacity in the Availability Zone you requested (us-east-1b). Our system will be working on provisioning additional capacity. You can currently get g6e.xlarge capacity by not specifying an Availability Zone in your request or choosing us-east-1a, us-east-1c, us-east-1d. Launching EC2 instance failed.
2026-10-03T06:08:41.752000+00:00	Failed	us-east-1c	We currently do not have sufficient g6e.xlarge capacity in the Availability Zone you requested (us-east-1c). Our system will be working on provisioning additional capacity. You can currently get g6e.xlarge capacity by not specifying an Availability Zone in your request or choosing us-east-1a, us-east-1b, us-east-1d. Launching EC2 instance failed.
2026-10-03T06:10:44.442000+00:00	Failed	us-east-1c	We currently do not have sufficient g6e.xlarge capacity in the Availability Zone you requested (us-east-1c). Our system will be working on provisioning additional capacity. You can currently get g6e.xlarge capacity by not specifying an Availability Zone in your request or choosing us-east-1a, us-east-1b, us-east-1d. Launching EC2 instance failed.
2026-10-03T06:12:47.209000+00:00	Failed	us-east-1d	We currently do not have sufficient g6e.xlarge capacity in the Availability Zone you requested (us-east-1d). Our system will be working on provisioning additional capacity. You can currently get g6e.xlarge capacity by not specifying an Availability Zone in your request or choosing us-east-1a, us-east-1b, us-east-1c. Launching EC2 instance failed.
2026-10-03T06:16:52.236000+00:00	Failed	us-east-1c	We currently do not have sufficient g6e.xlarge capacity in the Availability Zone you requested (us-east-1c). Our system will be working on provisioning additional capacity. You can currently get g6e.xlarge capacity by not specifying an Availability Zone in your request or choosing us-east-1a, us-east-1b, us-east-1d. Launching EC2 instance failed.
